{"products":[{"id":"0.558673316244021","qty":2}],"totalPrice":41.97999999999999}